sujet,date,statut
Les palettes limitées terre : harmonie minérale en peinture naturaliste,2025-10-15T06:04:58.787269,succès
Pourquoi les paysages de montagne inspirent-ils l'élévation spirituelle en art ?,2025-10-15T08:55:28.223838,succès
La forêt comme archétype jungien : inconscient collectif en peinture,2025-10-17T08:50:05.905357,succès
Comment les déserts incarnent-ils la quête intérieure en art spirituel ?,2025-10-20T08:50:21.817756,succès
L'eau comme symbole de l'inconscient en peinture symboliste,2025-10-22T08:58:02.218297,succès
Pourquoi les jardins clos représentent-ils le paradis perdu en art médiéval ?,2025-10-24T08:51:00.160166,succès
La montagne sacrée : du Sinaï au Fuji en iconographie religieuse,2025-10-28T07:36:36.468616,succès
Comment les arbres généalogiques structurent-ils la symbolique familiale en art ?,2025-11-04T07:35:46.781161,succès
Le labyrinthe végétal : égarement et quête en peinture allégorique,2025-11-11T07:37:57.847938,succès
